,count_ABALONES,count_AMPHIBIANS,count_BIRCHES,count_CONUS,count_FW_GROUP_PART1,count_FW_GROUP_PART2,count_FW_GROUP_PART3,count_FW_GROUP_PART4,count_FW_GROUP_PART5,count_FW_GROUP_PART6,count_LOBSTERS,count_MAGNOLIAS,count_MAMMALS,count_MANGROVES,count_MAPLES,count_MARINEFISH_PART1,count_MARINEFISH_PART2,count_MARINEFISH_PART3,count_REEF_FORMING_CORALS_PART1,count_REEF_FORMING_CORALS_PART2,count_REEF_FORMING_CORALS_PART3,count_REPTILES,count_SEAGRASSES,count_TEAS,species_count,geometry
0,0,34,0,0,34,46,47,45,46,56,0,2,125,0,0,0,1,1,0,0,0,60,0,0,497,"POLYGON ((68249.56417346234 1150817.3992614683, 77249.56417346234 1150817.3992614683, 77249.56417346234 1141817.3992614683, 68249.56417346234 1141817.3992614683, 68249.56417346234 1150817.3992614683))"
1,0,27,0,0,38,54,55,48,47,63,0,2,122,0,0,0,1,1,0,0,0,58,0,0,516,"POLYGON ((68249.56417346234 1141817.3992614683, 77249.56417346234 1141817.3992614683, 77249.56417346234 1132817.3992614683, 68249.56417346234 1132817.3992614683, 68249.56417346234 1141817.3992614683))"
2,0,25,0,0,42,54,59,49,50,63,0,2,116,0,0,0,1,1,0,0,0,53,0,0,515,"POLYGON ((68249.56417346234 1132817.3992614683, 77249.56417346234 1132817.3992614683, 77249.56417346234 1123817.3992614683, 68249.56417346234 1123817.3992614683, 68249.56417346234 1132817.3992614683))"
3,0,26,0,0,46,55,59,50,54,67,0,0,111,0,0,0,1,1,0,0,0,48,0,0,518,"POLYGON ((68249.56417346234 1123817.3992614683, 77249.56417346234 1123817.3992614683, 77249.56417346234 1114817.3992614683, 68249.56417346234 1114817.3992614683, 68249.56417346234 1123817.3992614683))"
4,0,25,0,0,47,58,59,53,59,70,0,0,98,0,0,6,3,1,0,0,0,40,0,0,519,"POLYGON ((68249.56417346234 1114817.3992614683, 77249.56417346234 1114817.3992614683, 77249.56417346234 1105817.3992614683, 68249.56417346234 1105817.3992614683, 68249.56417346234 1114817.3992614683))"
5,0,0,0,27,14,25,36,31,23,28,4,0,26,9,0,63,72,83,3,12,8,8,1,0,473,"POLYGON ((68249.56417346234 1105817.3992614683, 77249.56417346234 1105817.3992614683, 77249.56417346234 1096817.3992614683, 68249.56417346234 1096817.3992614683, 68249.56417346234 1105817.3992614683))"
6,0,0,0,27,7,7,20,18,13,13,4,0,26,9,0,52,67,77,3,12,8,6,1,0,370,"POLYGON ((68249.56417346234 1096817.3992614683, 77249.56417346234 1096817.3992614683, 77249.56417346234 1087817.3992614683, 68249.56417346234 1087817.3992614683, 68249.56417346234 1096817.3992614683))"
7,0,0,0,27,7,7,20,19,13,13,4,0,26,9,0,66,77,86,3,12,8,6,1,0,404,"POLYGON ((68249.56417346234 1087817.3992614683, 77249.56417346234 1087817.3992614683, 77249.56417346234 1078817.3992614683, 68249.56417346234 1078817.3992614683, 68249.56417346234 1087817.3992614683))"
8,0,0,0,27,7,7,20,19,13,12,4,0,26,9,0,64,73,82,3,12,8,6,1,0,393,"POLYGON ((68249.56417346234 1078817.3992614683, 77249.56417346234 1078817.3992614683, 77249.56417346234 1069817.3992614683, 68249.56417346234 1069817.3992614683, 68249.56417346234 1078817.3992614683))"
9,0,0,0,27,7,7,19,18,13,12,4,0,26,9,0,56,69,78,3,12,8,6,1,0,375,"POLYGON ((68249.56417346234 1069817.3992614683, 77249.56417346234 1069817.3992614683, 77249.56417346234 1060817.3992614683, 68249.56417346234 1060817.3992614683, 68249.56417346234 1069817.3992614683))"
10,0,0,0,0,0,0,0,0,0,0,0,0,0,0,0,0,0,0,0,0,0,0,0,0,0,"POLYGON ((68249.56417346234 1060817.3992614683, 77249.56417346234 1060817.3992614683, 77249.56417346234 1051817.3992614683, 68249.56417346234 1051817.3992614683, 68249.56417346234 1060817.3992614683))"
11,0,38,0,0,27,38,33,27,37,45,0,2,132,0,0,0,1,0,0,0,0,62,0,0,442,"POLYGON ((77249.56417346234 1150817.3992614683, 86249.56417346234 1150817.3992614683, 86249.56417346234 1141817.3992614683, 77249.56417346234 1141817.3992614683, 77249.56417346234 1150817.3992614683))"
12,0,38,0,0,35,50,50,46,48,59,0,2,128,0,0,0,1,1,0,0,0,62,0,0,520,"POLYGON ((77249.56417346234 1141817.3992614683, 86249.56417346234 1141817.3992614683, 86249.56417346234 1132817.3992614683, 77249.56417346234 1132817.3992614683, 77249.56417346234 1141817.3992614683))"
13,0,29,0,0,41,54,57,47,48,63,0,2,119,0,0,0,1,1,0,0,0,61,0,0,523,"POLYGON ((77249.56417346234 1132817.3992614683, 86249.56417346234 1132817.3992614683, 86249.56417346234 1123817.3992614683, 77249.56417346234 1123817.3992614683, 77249.56417346234 1132817.3992614683))"
14,0,28,0,0,44,54,59,49,53,66,0,2,116,0,0,0,1,1,0,0,0,55,0,0,528,"POLYGON ((77249.56417346234 1123817.3992614683, 86249.56417346234 1123817.3992614683, 86249.56417346234 1114817.3992614683, 77249.56417346234 1114817.3992614683, 77249.56417346234 1123817.3992614683))"
15,0,28,0,0,46,55,58,51,55,68,0,0,109,0,0,1,1,1,0,0,0,49,0,0,522,"POLYGON ((77249.56417346234 1114817.3992614683, 86249.56417346234 1114817.3992614683, 86249.56417346234 1105817.3992614683, 77249.56417346234 1105817.3992614683, 77249.56417346234 1114817.3992614683))"
16,0,0,0,27,7,7,20,19,13,13,4,0,26,9,0,63,73,83,3,12,8,6,1,0,394,"POLYGON ((77249.56417346234 1105817.3992614683, 86249.56417346234 1105817.3992614683, 86249.56417346234 1096817.3992614683, 77249.56417346234 1096817.3992614683, 77249.56417346234 1105817.3992614683))"
17,0,0,0,27,7,7,20,19,13,13,4,0,26,9,0,65,76,86,3,12,8,6,1,0,402,"POLYGON ((77249.56417346234 1096817.3992614683, 86249.56417346234 1096817.3992614683, 86249.56417346234 1087817.3992614683, 77249.56417346234 1087817.3992614683, 77249.56417346234 1096817.3992614683))"
18,0,0,0,27,7,7,20,19,13,12,4,0,26,9,0,65,76,83,3,12,8,6,1,0,398,"POLYGON ((77249.56417346234 1087817.3992614683, 86249.56417346234 1087817.3992614683, 86249.56417346234 1078817.3992614683, 77249.56417346234 1078817.3992614683, 77249.56417346234 1087817.3992614683))"
19,0,0,0,27,7,7,20,19,13,12,4,0,26,9,0,62,72,82,3,12,8,6,1,0,390,"POLYGON ((77249.56417346234 1078817.3992614683, 86249.56417346234 1078817.3992614683, 86249.56417346234 1069817.3992614683, 77249.56417346234 1069817.3992614683, 77249.56417346234 1078817.3992614683))"
20,0,0,0,27,7,7,19,18,13,12,4,0,26,9,0,57,69,78,3,12,8,6,1,0,376,"POLYGON ((77249.56417346234 1069817.3992614683, 86249.56417346234 1069817.3992614683, 86249.56417346234 1060817.3992614683, 77249.56417346234 1060817.3992614683, 77249.56417346234 1069817.3992614683))"
21,0,0,0,0,0,0,0,0,0,0,0,0,0,0,0,0,0,0,0,0,0,0,0,0,0,"POLYGON ((77249.56417346234 1060817.3992614683, 86249.56417346234 1060817.3992614683, 86249.56417346234 1051817.3992614683, 77249.56417346234 1051817.3992614683, 77249.56417346234 1060817.3992614683))"
22,0,53,0,0,36,42,39,42,48,50,0,2,133,0,0,0,1,0,0,0,0,58,0,0,504,"POLYGON ((86249.56417346234 1150817.3992614683, 95249.56417346234 1150817.3992614683, 95249.56417346234 1141817.3992614683, 86249.56417346234 1141817.3992614683, 86249.56417346234 1150817.3992614683))"
23,0,47,0,0,36,41,37,38,46,49,0,2,134,0,0,0,1,0,0,0,0,55,0,0,486,"POLYGON ((86249.56417346234 1141817.3992614683, 95249.56417346234 1141817.3992614683, 95249.56417346234 1132817.3992614683, 86249.56417346234 1132817.3992614683, 86249.56417346234 1141817.3992614683))"
24,0,30,0,0,37,50,53,47,46,59,0,2,129,0,0,0,1,1,0,0,0,57,0,0,512,"POLYGON ((86249.56417346234 1132817.3992614683, 95249.56417346234 1132817.3992614683, 95249.56417346234 1123817.3992614683, 86249.56417346234 1123817.3992614683, 86249.56417346234 1132817.3992614683))"
25,0,31,0,0,41,54,57,48,49,64,0,2,120,0,0,0,1,1,0,0,0,56,0,0,524,"POLYGON ((86249.56417346234 1123817.3992614683, 95249.56417346234 1123817.3992614683, 95249.56417346234 1114817.3992614683, 86249.56417346234 1114817.3992614683, 86249.56417346234 1123817.3992614683))"
26,0,31,0,0,45,55,58,51,55,67,0,2,112,0,0,0,1,1,0,0,0,54,0,0,532,"POLYGON ((86249.56417346234 1114817.3992614683, 95249.56417346234 1114817.3992614683, 95249.56417346234 1105817.3992614683, 86249.56417346234 1105817.3992614683, 86249.56417346234 1114817.3992614683))"
27,0,31,0,0,46,59,57,54,59,70,0,0,106,0,0,4,2,2,0,0,0,14,0,0,504,"POLYGON ((86249.56417346234 1105817.3992614683, 95249.56417346234 1105817.3992614683, 95249.56417346234 1096817.3992614683, 86249.56417346234 1096817.3992614683, 86249.56417346234 1105817.3992614683))"
28,0,0,0,27,7,7,20,19,13,13,4,0,26,9,0,63,75,80,3,12,8,6,1,0,393,"POLYGON ((86249.56417346234 1096817.3992614683, 95249.56417346234 1096817.3992614683, 95249.56417346234 1087817.3992614683, 86249.56417346234 1087817.3992614683, 86249.56417346234 1096817.3992614683))"
29,0,0,0,27,7,7,20,19,13,12,4,0,26,9,0,65,74,82,3,12,8,6,1,0,395,"POLYGON ((86249.56417346234 1087817.3992614683, 95249.56417346234 1087817.3992614683, 95249.56417346234 1078817.3992614683, 86249.56417346234 1078817.3992614683, 86249.56417346234 1087817.3992614683))"
30,0,0,0,27,7,7,20,19,13,12,4,0,26,9,0,61,72,80,3,12,8,6,1,0,387,"POLYGON ((86249.56417346234 1078817.3992614683, 95249.56417346234 1078817.3992614683, 95249.56417346234 1069817.3992614683, 86249.56417346234 1069817.3992614683, 86249.56417346234 1078817.3992614683))"
31,0,0,0,27,7,7,19,19,13,12,4,0,26,9,0,58,70,78,3,12,8,6,1,0,379,"POLYGON ((86249.56417346234 1069817.3992614683, 95249.56417346234 1069817.3992614683, 95249.56417346234 1060817.3992614683, 86249.56417346234 1060817.3992614683, 86249.56417346234 1069817.3992614683))"
32,0,0,0,0,0,0,0,0,0,0,0,0,0,0,0,0,0,0,0,0,0,0,0,0,0,"POLYGON ((86249.56417346234 1060817.3992614683, 95249.56417346234 1060817.3992614683, 95249.56417346234 1051817.3992614683, 86249.56417346234 1051817.3992614683, 86249.56417346234 1060817.3992614683))"
33,0,48,0,0,42,44,47,48,51,57,0,1,129,0,0,0,1,0,0,0,0,65,0,0,533,"POLYGON ((95249.56417346234 1150817.3992614683, 104249.56417346234 1150817.3992614683, 104249.56417346234 1141817.3992614683, 95249.56417346234 1141817.3992614683, 95249.56417346234 1150817.3992614683))"
34,0,44,0,0,36,42,38,38,48,47,0,2,134,0,0,0,1,0,0,0,0,53,0,0,483,"POLYGON ((95249.56417346234 1141817.3992614683, 104249.56417346234 1141817.3992614683, 104249.56417346234 1132817.3992614683, 95249.56417346234 1132817.3992614683, 95249.56417346234 1141817.3992614683))"
35,0,32,0,0,33,46,48,43,46,57,0,2,134,0,0,0,1,1,0,0,0,61,0,0,504,"POLYGON ((95249.56417346234 1132817.3992614683, 104249.56417346234 1132817.3992614683, 104249.56417346234 1123817.3992614683, 95249.56417346234 1123817.3992614683, 95249.56417346234 1132817.3992614683))"
36,0,32,0,0,36,52,56,49,50,62,0,2,128,0,0,0,1,1,0,0,0,60,0,0,529,"POLYGON ((95249.56417346234 1123817.3992614683, 104249.56417346234 1123817.3992614683, 104249.56417346234 1114817.3992614683, 95249.56417346234 1114817.3992614683, 95249.56417346234 1123817.3992614683))"
37,0,32,0,0,41,57,56,51,53,63,0,2,118,0,0,0,1,1,0,0,0,63,0,0,538,"POLYGON ((95249.56417346234 1114817.3992614683, 104249.56417346234 1114817.3992614683, 104249.56417346234 1105817.3992614683, 95249.56417346234 1105817.3992614683, 95249.56417346234 1114817.3992614683))"
38,0,33,0,0,45,57,57,52,56,67,0,2,112,0,0,0,1,1,0,0,0,59,0,0,542,"POLYGON ((95249.56417346234 1105817.3992614683, 104249.56417346234 1105817.3992614683, 104249.56417346234 1096817.3992614683, 95249.56417346234 1096817.3992614683, 95249.56417346234 1105817.3992614683))"
39,0,31,0,0,45,56,57,53,59,67,0,0,107,0,0,0,1,1,0,0,0,59,0,0,536,"POLYGON ((95249.56417346234 1096817.3992614683, 104249.56417346234 1096817.3992614683, 104249.56417346234 1087817.3992614683, 95249.56417346234 1087817.3992614683, 95249.56417346234 1096817.3992614683))"
40,0,1,0,27,8,7,20,18,14,13,4,0,26,9,0,58,67,81,3,12,8,4,1,0,381,"POLYGON ((95249.56417346234 1087817.3992614683, 104249.56417346234 1087817.3992614683, 104249.56417346234 1078817.3992614683, 95249.56417346234 1078817.3992614683, 95249.56417346234 1087817.3992614683))"
41,0,41,0,0,42,49,55,50,56,66,0,2,108,0,0,3,2,2,0,0,0,61,0,0,537,"POLYGON ((95249.56417346234 1078817.3992614683, 104249.56417346234 1078817.3992614683, 104249.56417346234 1069817.3992614683, 95249.56417346234 1069817.3992614683, 95249.56417346234 1078817.3992614683))"
42,0,41,0,0,41,49,53,52,54,67,0,1,99,0,0,8,5,3,0,0,0,50,0,0,523,"POLYGON ((95249.56417346234 1069817.3992614683, 104249.56417346234 1069817.3992614683, 104249.56417346234 1060817.3992614683, 95249.56417346234 1060817.3992614683, 95249.56417346234 1069817.3992614683))"
43,0,0,0,0,0,0,0,0,0,0,0,0,0,0,0,0,0,0,0,0,0,0,0,0,0,"POLYGON ((95249.56417346234 1060817.3992614683, 104249.56417346234 1060817.3992614683, 104249.56417346234 1051817.3992614683, 95249.56417346234 1051817.3992614683, 95249.56417346234 1060817.3992614683))"
44,0,46,0,0,44,47,49,49,53,58,0,1,125,0,0,0,1,0,0,0,0,74,0,0,547,"POLYGON ((104249.56417346234 1150817.3992614683, 113249.56417346234 1150817.3992614683, 113249.56417346234 1141817.3992614683, 104249.56417346234 1141817.3992614683, 104249.56417346234 1150817.3992614683))"
45,0,40,0,0,40,46,45,48,51,56,0,1,131,0,0,0,1,0,0,0,0,63,0,0,522,"POLYGON ((104249.56417346234 1141817.3992614683, 113249.56417346234 1141817.3992614683, 113249.56417346234 1132817.3992614683, 104249.56417346234 1132817.3992614683, 104249.56417346234 1141817.3992614683))"
46,0,34,0,0,35,43,38,42,46,46,0,2,136,0,0,0,1,0,0,0,0,58,0,0,481,"POLYGON ((104249.56417346234 1132817.3992614683, 113249.56417346234 1132817.3992614683, 113249.56417346234 1123817.3992614683, 104249.56417346234 1123817.3992614683, 104249.56417346234 1132817.3992614683))"
47,0,29,0,0,34,49,49,47,47,59,0,2,132,0,0,0,1,1,0,0,0,55,0,0,505,"POLYGON ((104249.56417346234 1123817.3992614683, 113249.56417346234 1123817.3992614683, 113249.56417346234 1114817.3992614683, 104249.56417346234 1114817.3992614683, 104249.56417346234 1123817.3992614683))"
48,0,30,0,0,36,56,54,50,51,62,0,2,123,0,0,0,1,1,0,0,0,59,0,0,525,"POLYGON ((104249.56417346234 1114817.3992614683, 113249.56417346234 1114817.3992614683, 113249.56417346234 1105817.3992614683, 104249.56417346234 1105817.3992614683, 104249.56417346234 1114817.3992614683))"
49,0,32,0,0,40,58,56,52,54,63,0,2,117,0,0,0,1,1,0,0,0,65,0,0,541,"POLYGON ((104249.56417346234 1105817.3992614683, 113249.56417346234 1105817.3992614683, 113249.56417346234 1096817.3992614683, 104249.56417346234 1096817.3992614683, 104249.56417346234 1105817.3992614683))"
50,0,35,0,0,36,53,45,47,49,59,0,2,112,0,0,0,1,0,0,0,0,64,0,0,503,"POLYGON ((104249.56417346234 1096817.3992614683, 113249.56417346234 1096817.3992614683, 113249.56417346234 1087817.3992614683, 104249.56417346234 1087817.3992614683, 104249.56417346234 1096817.3992614683))"
51,0,41,0,0,41,57,49,45,55,61,0,2,117,0,0,0,1,0,0,0,0,68,0,0,537,"POLYGON ((104249.56417346234 1087817.3992614683, 113249.56417346234 1087817.3992614683, 113249.56417346234 1078817.3992614683, 104249.56417346234 1078817.3992614683, 104249.56417346234 1087817.3992614683))"
52,0,44,0,0,39,51,55,49,55,63,0,1,113,0,0,1,1,1,0,0,0,67,0,0,540,"POLYGON ((104249.56417346234 1078817.3992614683, 113249.56417346234 1078817.3992614683, 113249.56417346234 1069817.3992614683, 104249.56417346234 1069817.3992614683, 104249.56417346234 1078817.3992614683))"
53,0,43,0,0,42,49,55,50,55,65,0,1,110,0,0,2,2,1,0,0,0,67,0,0,542,"POLYGON ((104249.56417346234 1069817.3992614683, 113249.56417346234 1069817.3992614683, 113249.56417346234 1060817.3992614683, 104249.56417346234 1060817.3992614683, 104249.56417346234 1069817.3992614683))"
54,0,0,0,0,0,0,0,0,0,0,0,0,0,0,0,0,0,0,0,0,0,0,0,0,0,"POLYGON ((104249.56417346234 1060817.3992614683, 113249.56417346234 1060817.3992614683, 113249.56417346234 1051817.3992614683, 104249.56417346234 1051817.3992614683, 104249.56417346234 1060817.3992614683))"
55,0,47,0,0,45,47,49,51,55,57,0,1,126,0,0,0,1,0,0,0,0,76,0,0,555,"POLYGON ((113249.56417346234 1150817.3992614683, 122249.56417346234 1150817.3992614683, 122249.56417346234 1141817.3992614683, 113249.56417346234 1141817.3992614683, 113249.56417346234 1150817.3992614683))"
56,0,35,0,0,38,44,44,46,47,51,0,1,128,0,0,0,1,0,0,0,0,71,0,0,506,"POLYGON ((113249.56417346234 1141817.3992614683, 122249.56417346234 1141817.3992614683, 122249.56417346234 1132817.3992614683, 113249.56417346234 1132817.3992614683, 113249.56417346234 1141817.3992614683))"
57,0,29,0,0,35,41,35,41,45,44,0,2,134,0,0,0,1,0,0,0,0,63,0,0,470,"POLYGON ((113249.56417346234 1132817.3992614683, 122249.56417346234 1132817.3992614683, 122249.56417346234 1123817.3992614683, 113249.56417346234 1123817.3992614683, 113249.56417346234 1132817.3992614683))"
58,0,25,0,0,33,49,48,44,45,55,0,2,134,0,0,0,1,1,0,0,0,59,0,0,496,"POLYGON ((113249.56417346234 1123817.3992614683, 122249.56417346234 1123817.3992614683, 122249.56417346234 1114817.3992614683, 113249.56417346234 1114817.3992614683, 113249.56417346234 1123817.3992614683))"
59,0,28,0,0,33,49,49,45,49,57,0,2,128,0,0,0,1,1,0,0,0,57,0,0,499,"POLYGON ((113249.56417346234 1114817.3992614683, 122249.56417346234 1114817.3992614683, 122249.56417346234 1105817.3992614683, 113249.56417346234 1105817.3992614683, 113249.56417346234 1114817.3992614683))"
60,0,29,0,0,39,57,54,50,52,63,0,2,124,0,0,0,1,1,0,0,0,60,0,0,532,"POLYGON ((113249.56417346234 1105817.3992614683, 122249.56417346234 1105817.3992614683, 122249.56417346234 1096817.3992614683, 113249.56417346234 1096817.3992614683, 113249.56417346234 1105817.3992614683))"
61,0,35,0,0,36,57,45,42,50,57,0,2,123,0,0,0,1,0,0,0,0,58,0,0,506,"POLYGON ((113249.56417346234 1096817.3992614683, 122249.56417346234 1096817.3992614683, 122249.56417346234 1087817.3992614683, 113249.56417346234 1087817.3992614683, 113249.56417346234 1096817.3992614683))"
62,0,37,0,0,34,53,42,36,49,53,0,1,125,0,0,0,1,0,0,0,0,64,0,0,495,"POLYGON ((113249.56417346234 1087817.3992614683, 122249.56417346234 1087817.3992614683, 122249.56417346234 1078817.3992614683, 113249.56417346234 1078817.3992614683, 113249.56417346234 1087817.3992614683))"
63,0,43,0,0,41,49,52,48,52,62,0,1,118,0,0,1,1,1,0,0,0,70,0,0,539,"POLYGON ((113249.56417346234 1078817.3992614683, 122249.56417346234 1078817.3992614683, 122249.56417346234 1069817.3992614683, 113249.56417346234 1069817.3992614683, 113249.56417346234 1078817.3992614683))"
64,0,43,0,0,41,48,55,49,54,64,0,1,116,0,0,1,1,1,0,0,0,69,0,0,543,"POLYGON ((113249.56417346234 1069817.3992614683, 122249.56417346234 1069817.3992614683, 122249.56417346234 1060817.3992614683, 113249.56417346234 1060817.3992614683, 113249.56417346234 1069817.3992614683))"
65,0,0,0,0,0,0,0,0,0,0,0,0,0,0,0,0,0,0,0,0,0,0,0,0,0,"POLYGON ((113249.56417346234 1060817.3992614683, 122249.56417346234 1060817.3992614683, 122249.56417346234 1051817.3992614683, 113249.56417346234 1051817.3992614683, 113249.56417346234 1060817.3992614683))"
66,0,44,0,0,46,46,47,51,51,58,0,1,129,0,0,0,1,0,0,0,0,70,0,0,544,"POLYGON ((122249.56417346234 1150817.3992614683, 131249.56417346234 1150817.3992614683, 131249.56417346234 1141817.3992614683, 122249.56417346234 1141817.3992614683, 122249.56417346234 1150817.3992614683))"
67,0,24,0,0,35,41,34,37,40,46,0,2,129,0,0,0,1,0,0,0,0,61,0,0,450,"POLYGON ((122249.56417346234 1141817.3992614683, 131249.56417346234 1141817.3992614683, 131249.56417346234 1132817.3992614683, 122249.56417346234 1132817.3992614683, 122249.56417346234 1141817.3992614683))"
68,0,24,0,0,36,38,31,37,42,42,0,1,128,0,0,0,1,0,0,0,0,60,0,0,440,"POLYGON ((122249.56417346234 1132817.3992614683, 131249.56417346234 1132817.3992614683, 131249.56417346234 1123817.3992614683, 122249.56417346234 1123817.3992614683, 122249.56417346234 1132817.3992614683))"
69,0,22,0,0,27,45,33,37,40,47,0,2,134,0,0,0,1,0,0,0,0,65,0,0,453,"POLYGON ((122249.56417346234 1123817.3992614683, 131249.56417346234 1123817.3992614683, 131249.56417346234 1114817.3992614683, 122249.56417346234 1114817.3992614683, 122249.56417346234 1123817.3992614683))"
70,0,27,0,0,29,47,38,42,43,50,0,2,125,0,0,0,1,0,0,0,0,59,0,0,463,"POLYGON ((122249.56417346234 1114817.3992614683, 131249.56417346234 1114817.3992614683, 131249.56417346234 1105817.3992614683, 122249.56417346234 1105817.3992614683, 122249.56417346234 1114817.3992614683))"
71,0,26,0,0,32,50,41,43,48,55,0,2,125,0,0,0,1,0,0,0,0,59,0,0,482,"POLYGON ((122249.56417346234 1105817.3992614683, 131249.56417346234 1105817.3992614683, 131249.56417346234 1096817.3992614683, 122249.56417346234 1096817.3992614683, 122249.56417346234 1105817.3992614683))"
72,0,32,0,0,32,54,40,39,48,55,0,2,128,0,0,0,1,0,0,0,0,60,0,0,491,"POLYGON ((122249.56417346234 1096817.3992614683, 131249.56417346234 1096817.3992614683, 131249.56417346234 1087817.3992614683, 122249.56417346234 1087817.3992614683, 122249.56417346234 1096817.3992614683))"
73,0,35,0,0,28,44,43,37,42,51,0,1,125,0,0,0,1,1,0,0,0,61,0,0,469,"POLYGON ((122249.56417346234 1087817.3992614683, 131249.56417346234 1087817.3992614683, 131249.56417346234 1078817.3992614683, 122249.56417346234 1078817.3992614683, 122249.56417346234 1087817.3992614683))"
74,0,43,0,0,38,47,50,47,49,62,0,2,123,0,0,1,1,1,0,0,0,72,0,0,536,"POLYGON ((122249.56417346234 1078817.3992614683, 131249.56417346234 1078817.3992614683, 131249.56417346234 1069817.3992614683, 122249.56417346234 1069817.3992614683, 122249.56417346234 1078817.3992614683))"
75,0,41,0,0,41,46,53,48,52,63,0,1,121,0,0,1,1,1,0,0,0,71,0,0,540,"POLYGON ((122249.56417346234 1069817.3992614683, 131249.56417346234 1069817.3992614683, 131249.56417346234 1060817.3992614683, 122249.56417346234 1060817.3992614683, 122249.56417346234 1069817.3992614683))"
76,0,0,0,0,0,0,0,0,0,0,0,0,0,0,0,0,0,0,0,0,0,0,0,0,0,"POLYGON ((122249.56417346234 1060817.3992614683, 131249.56417346234 1060817.3992614683, 131249.56417346234 1051817.3992614683, 122249.56417346234 1051817.3992614683, 122249.56417346234 1060817.3992614683))"
77,0,42,0,0,39,39,41,35,39,53,0,2,139,0,0,0,1,0,0,0,0,65,0,0,495,"POLYGON ((131249.56417346234 1150817.3992614683, 140249.56417346234 1150817.3992614683, 140249.56417346234 1141817.3992614683, 131249.56417346234 1141817.3992614683, 131249.56417346234 1150817.3992614683))"
78,0,25,0,0,28,35,29,24,31,43,0,3,130,0,0,0,1,0,0,0,0,56,0,0,405,"POLYGON ((131249.56417346234 1141817.3992614683, 140249.56417346234 1141817.3992614683, 140249.56417346234 1132817.3992614683, 131249.56417346234 1132817.3992614683, 131249.56417346234 1141817.3992614683))"
79,0,24,0,0,27,31,26,24,29,39,0,2,127,0,0,0,1,0,0,0,0,55,0,0,385,"POLYGON ((131249.56417346234 1132817.3992614683, 140249.56417346234 1132817.3992614683, 140249.56417346234 1123817.3992614683, 131249.56417346234 1123817.3992614683, 131249.56417346234 1132817.3992614683))"
80,0,16,0,0,29,42,31,37,41,46,0,3,129,0,0,0,1,0,0,0,0,56,0,0,431,"POLYGON ((131249.56417346234 1123817.3992614683, 140249.56417346234 1123817.3992614683, 140249.56417346234 1114817.3992614683, 131249.56417346234 1114817.3992614683, 131249.56417346234 1123817.3992614683))"
81,0,21,0,0,31,50,40,42,42,53,0,3,132,0,0,0,1,0,0,0,0,59,0,0,474,"POLYGON ((131249.56417346234 1114817.3992614683, 140249.56417346234 1114817.3992614683, 140249.56417346234 1105817.3992614683, 131249.56417346234 1105817.3992614683, 131249.56417346234 1114817.3992614683))"
82,0,24,0,0,32,52,42,42,48,54,0,2,123,0,0,0,1,0,0,0,0,57,0,0,477,"POLYGON ((131249.56417346234 1105817.3992614683, 140249.56417346234 1105817.3992614683, 140249.56417346234 1096817.3992614683, 131249.56417346234 1096817.3992614683, 131249.56417346234 1105817.3992614683))"
83,0,27,0,0,30,48,33,34,46,49,0,2,129,0,0,0,1,0,0,0,0,56,0,0,455,"POLYGON ((131249.56417346234 1096817.3992614683, 140249.56417346234 1096817.3992614683, 140249.56417346234 1087817.3992614683, 131249.56417346234 1087817.3992614683, 131249.56417346234 1096817.3992614683))"
84,0,31,0,0,26,43,42,38,42,52,0,3,129,0,0,0,1,1,0,0,0,56,0,0,464,"POLYGON ((131249.56417346234 1087817.3992614683, 140249.56417346234 1087817.3992614683, 140249.56417346234 1078817.3992614683, 131249.56417346234 1078817.3992614683, 131249.56417346234 1087817.3992614683))"
85,0,41,0,0,33,46,49,43,45,58,0,2,123,0,0,0,1,1,0,0,0,66,0,0,508,"POLYGON ((131249.56417346234 1078817.3992614683, 140249.56417346234 1078817.3992614683, 140249.56417346234 1069817.3992614683, 131249.56417346234 1069817.3992614683, 131249.56417346234 1078817.3992614683))"
86,0,43,0,0,36,47,52,46,47,58,0,2,123,0,0,0,1,1,0,0,0,72,0,0,528,"POLYGON ((131249.56417346234 1069817.3992614683, 140249.56417346234 1069817.3992614683, 140249.56417346234 1060817.3992614683, 131249.56417346234 1060817.3992614683, 131249.56417346234 1069817.3992614683))"
87,0,0,0,0,0,0,0,0,0,0,0,0,0,0,0,0,0,0,0,0,0,0,0,0,0,"POLYGON ((131249.56417346234 1060817.3992614683, 140249.56417346234 1060817.3992614683, 140249.56417346234 1051817.3992614683, 131249.56417346234 1051817.3992614683, 131249.56417346234 1060817.3992614683))"
88,0,44,0,0,41,44,46,39,43,56,0,2,142,0,0,0,1,0,0,0,0,71,0,0,529,"POLYGON ((140249.56417346234 1150817.3992614683, 149249.56417346234 1150817.3992614683, 149249.56417346234 1141817.3992614683, 140249.56417346234 1141817.3992614683, 140249.56417346234 1150817.3992614683))"
89,0,31,0,0,32,37,35,27,36,44,0,3,129,0,0,0,1,0,0,0,0,57,0,0,432,"POLYGON ((140249.56417346234 1141817.3992614683, 149249.56417346234 1141817.3992614683, 149249.56417346234 1132817.3992614683, 140249.56417346234 1132817.3992614683, 140249.56417346234 1141817.3992614683))"
90,0,25,0,0,24,30,27,25,26,40,0,2,131,0,0,0,1,0,0,0,0,47,0,0,378,"POLYGON ((140249.56417346234 1132817.3992614683, 149249.56417346234 1132817.3992614683, 149249.56417346234 1123817.3992614683, 140249.56417346234 1123817.3992614683, 140249.56417346234 1132817.3992614683))"
91,0,19,0,0,30,40,30,36,37,47,0,3,129,0,0,0,1,0,0,0,0,58,0,0,430,"POLYGON ((140249.56417346234 1123817.3992614683, 149249.56417346234 1123817.3992614683, 149249.56417346234 1114817.3992614683, 140249.56417346234 1114817.3992614683, 140249.56417346234 1123817.3992614683))"
92,0,19,0,0,30,47,35,38,41,48,0,3,122,0,0,0,1,0,0,0,0,56,0,0,440,"POLYGON ((140249.56417346234 1114817.3992614683, 149249.56417346234 1114817.3992614683, 149249.56417346234 1105817.3992614683, 140249.56417346234 1105817.3992614683, 140249.56417346234 1114817.3992614683))"
93,0,22,0,0,33,51,41,42,42,52,0,3,131,0,0,0,1,0,0,0,0,51,0,0,469,"POLYGON ((140249.56417346234 1105817.3992614683, 149249.56417346234 1105817.3992614683, 149249.56417346234 1096817.3992614683, 140249.56417346234 1096817.3992614683, 140249.56417346234 1105817.3992614683))"
94,0,23,0,0,24,43,37,35,39,47,0,3,134,0,0,0,1,1,0,0,0,52,0,0,439,"POLYGON ((140249.56417346234 1096817.3992614683, 149249.56417346234 1096817.3992614683, 149249.56417346234 1087817.3992614683, 140249.56417346234 1087817.3992614683, 140249.56417346234 1096817.3992614683))"
95,0,24,0,0,25,42,39,37,39,50,0,3,131,0,0,0,1,1,0,0,0,51,0,0,443,"POLYGON ((140249.56417346234 1087817.3992614683, 149249.56417346234 1087817.3992614683, 149249.56417346234 1078817.3992614683, 140249.56417346234 1078817.3992614683, 140249.56417346234 1087817.3992614683))"
96,0,33,0,0,26,42,35,33,43,50,0,3,130,0,0,0,1,0,0,0,0,61,0,0,457,"POLYGON ((140249.56417346234 1078817.3992614683, 149249.56417346234 1078817.3992614683, 149249.56417346234 1069817.3992614683, 140249.56417346234 1069817.3992614683, 140249.56417346234 1078817.3992614683))"
97,0,40,0,0,33,48,42,39,45,55,0,2,126,0,0,0,1,0,0,0,0,70,0,0,501,"POLYGON ((140249.56417346234 1069817.3992614683, 149249.56417346234 1069817.3992614683, 149249.56417346234 1060817.3992614683, 140249.56417346234 1060817.3992614683, 140249.56417346234 1069817.3992614683))"
98,0,0,0,0,0,0,0,0,0,0,0,0,0,0,0,0,0,0,0,0,0,0,0,0,0,"POLYGON ((140249.56417346234 1060817.3992614683, 149249.56417346234 1060817.3992614683, 149249.56417346234 1051817.3992614683, 140249.56417346234 1051817.3992614683, 140249.56417346234 1060817.3992614683))"
99,0,45,0,0,57,62,58,51,52,69,0,2,145,0,0,1,1,0,0,0,0,78,0,0,621,"POLYGON ((149249.56417346234 1150817.3992614683, 158249.56417346234 1150817.3992614683, 158249.56417346234 1141817.3992614683, 149249.56417346234 1141817.3992614683, 149249.56417346234 1150817.3992614683))"
100,0,39,0,0,49,54,51,43,45,62,0,3,139,0,0,0,1,0,0,0,0,69,0,0,555,"POLYGON ((149249.56417346234 1141817.3992614683, 158249.56417346234 1141817.3992614683, 158249.56417346234 1132817.3992614683, 149249.56417346234 1132817.3992614683, 149249.56417346234 1141817.3992614683))"
101,0,26,0,0,40,48,42,37,36,56,0,3,132,0,0,0,1,0,0,0,0,59,0,0,480,"POLYGON ((149249.56417346234 1132817.3992614683, 158249.56417346234 1132817.3992614683, 158249.56417346234 1123817.3992614683, 149249.56417346234 1123817.3992614683, 149249.56417346234 1132817.3992614683))"
102,0,22,0,0,29,42,31,35,34,47,0,3,130,0,0,0,1,0,0,0,0,57,0,0,431,"POLYGON ((149249.56417346234 1123817.3992614683, 158249.56417346234 1123817.3992614683, 158249.56417346234 1114817.3992614683, 149249.56417346234 1114817.3992614683, 149249.56417346234 1123817.3992614683))"
103,0,21,0,0,31,44,34,39,40,48,0,3,121,0,0,0,1,0,0,0,0,54,0,0,436,"POLYGON ((149249.56417346234 1114817.3992614683, 158249.56417346234 1114817.3992614683, 158249.56417346234 1105817.3992614683, 149249.56417346234 1105817.3992614683, 149249.56417346234 1114817.3992614683))"
104,0,21,0,0,35,51,38,37,42,47,0,3,129,0,0,0,1,0,0,0,0,46,0,0,450,"POLYGON ((149249.56417346234 1105817.3992614683, 158249.56417346234 1105817.3992614683, 158249.56417346234 1096817.3992614683, 149249.56417346234 1096817.3992614683, 149249.56417346234 1105817.3992614683))"
105,0,21,0,0,34,49,32,34,39,49,0,3,140,0,0,0,1,0,0,0,0,42,0,0,444,"POLYGON ((149249.56417346234 1096817.3992614683, 158249.56417346234 1096817.3992614683, 158249.56417346234 1087817.3992614683, 149249.56417346234 1087817.3992614683, 149249.56417346234 1096817.3992614683))"
106,0,21,0,0,24,40,37,38,35,48,0,3,135,0,0,0,1,1,0,0,0,45,0,0,428,"POLYGON ((149249.56417346234 1087817.3992614683, 158249.56417346234 1087817.3992614683, 158249.56417346234 1078817.3992614683, 149249.56417346234 1078817.3992614683, 149249.56417346234 1087817.3992614683))"
107,0,24,0,0,23,39,28,29,36,48,0,3,136,0,0,0,1,0,0,0,0,43,0,0,410,"POLYGON ((149249.56417346234 1078817.3992614683, 158249.56417346234 1078817.3992614683, 158249.56417346234 1069817.3992614683, 149249.56417346234 1069817.3992614683, 149249.56417346234 1078817.3992614683))"
108,0,34,0,0,28,41,35,30,43,48,0,3,135,0,0,0,1,0,0,0,0,54,0,0,452,"POLYGON ((149249.56417346234 1069817.3992614683, 158249.56417346234 1069817.3992614683, 158249.56417346234 1060817.3992614683, 149249.56417346234 1060817.3992614683, 149249.56417346234 1069817.3992614683))"
109,0,0,0,0,0,0,0,0,0,0,0,0,0,0,0,0,0,0,0,0,0,0,0,0,0,"POLYGON ((149249.56417346234 1060817.3992614683, 158249.56417346234 1060817.3992614683, 158249.56417346234 1051817.3992614683, 149249.56417346234 1051817.3992614683, 149249.56417346234 1060817.3992614683))"
110,0,55,0,0,57,63,59,51,56,71,0,2,145,0,0,1,1,0,0,0,0,85,0,0,646,"POLYGON ((158249.56417346234 1150817.3992614683, 167249.56417346234 1150817.3992614683, 167249.56417346234 1141817.3992614683, 158249.56417346234 1141817.3992614683, 158249.56417346234 1150817.3992614683))"
111,0,42,0,0,52,55,51,45,46,61,0,3,143,0,0,1,1,0,0,0,0,74,0,0,574,"POLYGON ((158249.56417346234 1141817.3992614683, 167249.56417346234 1141817.3992614683, 167249.56417346234 1132817.3992614683, 158249.56417346234 1132817.3992614683, 158249.56417346234 1141817.3992614683))"
112,0,32,0,0,43,53,45,36,42,54,0,3,135,0,0,1,1,0,0,0,0,62,0,0,507,"POLYGON ((158249.56417346234 1132817.3992614683, 167249.56417346234 1132817.3992614683, 167249.56417346234 1123817.3992614683, 158249.56417346234 1123817.3992614683, 158249.56417346234 1132817.3992614683))"
113,0,28,0,0,29,39,31,30,31,47,0,3,131,0,0,0,1,0,0,0,0,54,0,0,424,"POLYGON ((158249.56417346234 1123817.3992614683, 167249.56417346234 1123817.3992614683, 167249.56417346234 1114817.3992614683, 158249.56417346234 1114817.3992614683, 158249.56417346234 1123817.3992614683))"
114,0,21,0,0,31,44,34,36,39,46,0,3,128,0,0,0,1,0,0,0,0,56,0,0,439,"POLYGON ((158249.56417346234 1114817.3992614683, 167249.56417346234 1114817.3992614683, 167249.56417346234 1105817.3992614683, 158249.56417346234 1105817.3992614683, 158249.56417346234 1114817.3992614683))"
115,0,19,0,0,34,46,35,37,40,47,0,3,122,0,0,0,1,0,0,0,0,46,0,0,430,"POLYGON ((158249.56417346234 1105817.3992614683, 167249.56417346234 1105817.3992614683, 167249.56417346234 1096817.3992614683, 158249.56417346234 1096817.3992614683, 158249.56417346234 1105817.3992614683))"
116,0,20,0,0,32,51,35,33,42,48,0,3,133,0,0,0,1,0,0,0,0,43,0,0,441,"POLYGON ((158249.56417346234 1096817.3992614683, 167249.56417346234 1096817.3992614683, 167249.56417346234 1087817.3992614683, 158249.56417346234 1087817.3992614683, 158249.56417346234 1096817.3992614683))"
117,0,16,0,0,25,42,36,33,35,45,0,3,136,0,0,0,1,1,0,0,0,41,0,0,414,"POLYGON ((158249.56417346234 1087817.3992614683, 167249.56417346234 1087817.3992614683, 167249.56417346234 1078817.3992614683, 158249.56417346234 1078817.3992614683, 158249.56417346234 1087817.3992614683))"
118,0,18,0,0,22,38,28,28,36,43,0,3,138,0,0,0,1,0,0,0,0,39,0,0,394,"POLYGON ((158249.56417346234 1078817.3992614683, 167249.56417346234 1078817.3992614683, 167249.56417346234 1069817.3992614683, 158249.56417346234 1069817.3992614683, 158249.56417346234 1078817.3992614683))"
119,0,30,0,0,27,39,33,29,41,49,0,3,133,0,0,0,1,0,0,0,0,45,0,0,430,"POLYGON ((158249.56417346234 1069817.3992614683, 167249.56417346234 1069817.3992614683, 167249.56417346234 1060817.3992614683, 158249.56417346234 1060817.3992614683, 158249.56417346234 1069817.3992614683))"
120,0,0,0,0,0,0,0,0,0,0,0,0,0,0,0,0,0,0,0,0,0,0,0,0,0,"POLYGON ((158249.56417346234 1060817.3992614683, 167249.56417346234 1060817.3992614683, 167249.56417346234 1051817.3992614683, 158249.56417346234 1051817.3992614683, 158249.56417346234 1060817.3992614683))"
121,0,59,0,0,60,63,60,52,62,72,0,2,144,0,0,1,1,0,0,0,0,86,0,0,662,"POLYGON ((167249.56417346234 1150817.3992614683, 176249.56417346234 1150817.3992614683, 176249.56417346234 1141817.3992614683, 167249.56417346234 1141817.3992614683, 167249.56417346234 1150817.3992614683))"
122,0,54,0,0,55,62,56,50,52,70,0,2,144,0,0,1,1,0,0,0,0,89,0,0,636,"POLYGON ((167249.56417346234 1141817.3992614683, 176249.56417346234 1141817.3992614683, 176249.56417346234 1132817.3992614683, 167249.56417346234 1132817.3992614683, 167249.56417346234 1141817.3992614683))"
123,0,42,0,0,39,45,44,39,40,55,0,3,136,0,0,1,1,0,0,0,0,72,0,0,517,"POLYGON ((167249.56417346234 1132817.3992614683, 176249.56417346234 1132817.3992614683, 176249.56417346234 1123817.3992614683, 167249.56417346234 1123817.3992614683, 167249.56417346234 1132817.3992614683))"
124,0,40,0,0,39,46,37,38,38,50,0,3,133,0,0,1,1,0,0,0,0,59,0,0,485,"POLYGON ((167249.56417346234 1123817.3992614683, 176249.56417346234 1123817.3992614683, 176249.56417346234 1114817.3992614683, 167249.56417346234 1114817.3992614683, 167249.56417346234 1123817.3992614683))"
125,0,28,0,0,32,44,31,36,38,44,0,3,129,0,0,0,1,0,0,0,0,58,0,0,444,"POLYGON ((167249.56417346234 1114817.3992614683, 176249.56417346234 1114817.3992614683, 176249.56417346234 1105817.3992614683, 167249.56417346234 1105817.3992614683, 167249.56417346234 1114817.3992614683))"
126,0,17,0,0,34,43,31,36,38,46,0,3,128,0,0,0,1,0,0,0,0,53,0,0,430,"POLYGON ((167249.56417346234 1105817.3992614683, 176249.56417346234 1105817.3992614683, 176249.56417346234 1096817.3992614683, 167249.56417346234 1096817.3992614683, 167249.56417346234 1105817.3992614683))"
127,0,18,0,0,32,45,35,30,37,45,0,3,124,0,0,1,1,0,0,0,0,44,0,0,415,"POLYGON ((167249.56417346234 1096817.3992614683, 176249.56417346234 1096817.3992614683, 176249.56417346234 1087817.3992614683, 167249.56417346234 1087817.3992614683, 167249.56417346234 1096817.3992614683))"
128,0,20,0,0,25,43,40,32,33,46,0,3,139,0,0,0,1,1,0,0,0,36,0,0,419,"POLYGON ((167249.56417346234 1087817.3992614683, 176249.56417346234 1087817.3992614683, 176249.56417346234 1078817.3992614683, 167249.56417346234 1078817.3992614683, 167249.56417346234 1087817.3992614683))"
129,0,19,0,0,20,38,26,26,29,41,0,3,138,0,0,0,1,0,0,0,0,32,0,0,373,"POLYGON ((167249.56417346234 1078817.3992614683, 176249.56417346234 1078817.3992614683, 176249.56417346234 1069817.3992614683, 167249.56417346234 1069817.3992614683, 167249.56417346234 1078817.3992614683))"
130,0,20,0,0,23,39,34,33,36,48,0,3,138,0,0,0,1,1,0,0,0,37,0,0,413,"POLYGON ((167249.56417346234 1069817.3992614683, 176249.56417346234 1069817.3992614683, 176249.56417346234 1060817.3992614683, 167249.56417346234 1060817.3992614683, 167249.56417346234 1069817.3992614683))"
131,0,0,0,0,0,0,0,0,0,0,0,0,0,0,0,0,0,0,0,0,0,0,0,0,0,"POLYGON ((167249.56417346234 1060817.3992614683, 176249.56417346234 1060817.3992614683, 176249.56417346234 1051817.3992614683, 167249.56417346234 1051817.3992614683, 167249.56417346234 1060817.3992614683))"
132,0,59,0,0,50,48,51,46,52,62,0,1,142,0,0,2,1,0,0,0,0,90,0,0,604,"POLYGON ((176249.56417346234 1150817.3992614683, 185249.56417346234 1150817.3992614683, 185249.56417346234 1141817.3992614683, 176249.56417346234 1141817.3992614683, 176249.56417346234 1150817.3992614683))"
133,0,58,0,0,47,49,50,44,50,60,0,2,144,0,0,2,1,0,0,0,0,91,0,0,598,"POLYGON ((176249.56417346234 1141817.3992614683, 185249.56417346234 1141817.3992614683, 185249.56417346234 1132817.3992614683, 176249.56417346234 1132817.3992614683, 176249.56417346234 1141817.3992614683))"
134,0,51,0,0,47,54,50,45,45,63,0,2,138,0,0,1,1,0,0,0,0,88,0,0,585,"POLYGON ((176249.56417346234 1132817.3992614683, 185249.56417346234 1132817.3992614683, 185249.56417346234 1123817.3992614683, 176249.56417346234 1123817.3992614683, 176249.56417346234 1132817.3992614683))"
135,0,43,0,0,39,47,38,40,38,53,0,3,132,0,0,1,1,0,0,0,0,63,0,0,498,"POLYGON ((176249.56417346234 1123817.3992614683, 185249.56417346234 1123817.3992614683, 185249.56417346234 1114817.3992614683, 176249.56417346234 1114817.3992614683, 176249.56417346234 1123817.3992614683))"
136,0,30,0,0,33,43,33,34,36,49,0,3,133,0,0,1,1,0,0,0,0,53,0,0,449,"POLYGON ((176249.56417346234 1114817.3992614683, 185249.56417346234 1114817.3992614683, 185249.56417346234 1105817.3992614683, 176249.56417346234 1105817.3992614683, 176249.56417346234 1114817.3992614683))"
137,0,18,0,0,26,41,29,33,32,47,0,3,126,0,0,1,1,0,0,0,0,50,0,0,407,"POLYGON ((176249.56417346234 1105817.3992614683, 185249.56417346234 1105817.3992614683, 185249.56417346234 1096817.3992614683, 176249.56417346234 1096817.3992614683, 176249.56417346234 1105817.3992614683))"
138,0,16,0,0,34,44,34,28,37,45,0,3,126,0,0,1,1,0,0,0,0,43,0,0,412,"POLYGON ((176249.56417346234 1096817.3992614683, 185249.56417346234 1096817.3992614683, 185249.56417346234 1087817.3992614683, 176249.56417346234 1087817.3992614683, 176249.56417346234 1096817.3992614683))"
139,0,22,0,0,32,43,33,29,36,45,0,2,129,0,0,1,1,0,0,0,0,38,0,0,411,"POLYGON ((176249.56417346234 1087817.3992614683, 185249.56417346234 1087817.3992614683, 185249.56417346234 1078817.3992614683, 176249.56417346234 1078817.3992614683, 176249.56417346234 1087817.3992614683))"
140,0,17,0,0,21,30,27,27,27,41,0,3,138,0,0,1,1,0,0,0,0,30,0,0,363,"POLYGON ((176249.56417346234 1078817.3992614683, 185249.56417346234 1078817.3992614683, 185249.56417346234 1069817.3992614683, 176249.56417346234 1069817.3992614683, 176249.56417346234 1078817.3992614683))"
141,0,11,0,0,16,31,22,25,29,40,0,3,138,0,0,0,1,0,0,0,0,28,0,0,344,"POLYGON ((176249.56417346234 1069817.3992614683, 185249.56417346234 1069817.3992614683, 185249.56417346234 1060817.3992614683, 176249.56417346234 1060817.3992614683, 176249.56417346234 1069817.3992614683))"
142,0,0,0,0,0,0,0,0,0,0,0,0,0,0,0,0,0,0,0,0,0,0,0,0,0,"POLYGON ((176249.56417346234 1060817.3992614683, 185249.56417346234 1060817.3992614683, 185249.56417346234 1051817.3992614683, 176249.56417346234 1051817.3992614683, 176249.56417346234 1060817.3992614683))"
143,0,55,0,0,50,48,51,45,51,64,0,1,140,0,0,2,1,0,0,0,0,91,0,0,599,"POLYGON ((185249.56417346234 1150817.3992614683, 194249.56417346234 1150817.3992614683, 194249.56417346234 1141817.3992614683, 185249.56417346234 1141817.3992614683, 185249.56417346234 1150817.3992614683))"
144,0,60,0,0,46,49,51,43,52,61,0,1,141,0,0,2,1,0,0,0,0,90,0,0,597,"POLYGON ((185249.56417346234 1141817.3992614683, 194249.56417346234 1141817.3992614683, 194249.56417346234 1132817.3992614683, 185249.56417346234 1132817.3992614683, 185249.56417346234 1141817.3992614683))"
145,0,56,0,0,43,50,46,42,41,59,0,2,143,0,0,2,1,0,0,0,0,90,0,0,575,"POLYGON ((185249.56417346234 1132817.3992614683, 194249.56417346234 1132817.3992614683, 194249.56417346234 1123817.3992614683, 185249.56417346234 1123817.3992614683, 185249.56417346234 1132817.3992614683))"
146,0,44,0,0,35,42,36,37,35,49,0,3,136,0,0,2,1,0,0,0,0,76,0,0,496,"POLYGON ((185249.56417346234 1123817.3992614683, 194249.56417346234 1123817.3992614683, 194249.56417346234 1114817.3992614683, 185249.56417346234 1114817.3992614683, 185249.56417346234 1123817.3992614683))"
147,0,21,0,0,27,30,29,28,25,44,0,3,133,0,0,2,1,0,0,0,0,55,0,0,398,"POLYGON ((185249.56417346234 1114817.3992614683, 194249.56417346234 1114817.3992614683, 194249.56417346234 1105817.3992614683, 185249.56417346234 1105817.3992614683, 185249.56417346234 1114817.3992614683))"
148,0,16,0,0,27,32,30,27,30,45,0,3,129,0,0,2,1,0,0,0,0,46,0,0,388,"POLYGON ((185249.56417346234 1105817.3992614683, 194249.56417346234 1105817.3992614683, 194249.56417346234 1096817.3992614683, 185249.56417346234 1096817.3992614683, 185249.56417346234 1105817.3992614683))"
149,0,33,0,0,37,44,37,30,40,49,0,3,128,0,0,2,1,0,0,0,0,42,0,0,446,"POLYGON ((185249.56417346234 1096817.3992614683, 194249.56417346234 1096817.3992614683, 194249.56417346234 1087817.3992614683, 185249.56417346234 1087817.3992614683, 185249.56417346234 1096817.3992614683))"
150,0,32,0,0,32,43,40,37,39,48,0,2,126,0,0,2,1,0,0,0,0,34,0,0,436,"POLYGON ((185249.56417346234 1087817.3992614683, 194249.56417346234 1087817.3992614683, 194249.56417346234 1078817.3992614683, 185249.56417346234 1078817.3992614683, 185249.56417346234 1087817.3992614683))"
151,0,16,0,0,23,31,27,28,28,43,0,3,124,0,0,1,1,0,0,0,0,28,0,0,353,"POLYGON ((185249.56417346234 1078817.3992614683, 194249.56417346234 1078817.3992614683, 194249.56417346234 1069817.3992614683, 185249.56417346234 1069817.3992614683, 185249.56417346234 1078817.3992614683))"
152,0,15,0,0,20,27,25,28,28,43,0,3,136,0,0,1,1,0,0,0,0,28,0,0,355,"POLYGON ((185249.56417346234 1069817.3992614683, 194249.56417346234 1069817.3992614683, 194249.56417346234 1060817.3992614683, 185249.56417346234 1060817.3992614683, 185249.56417346234 1069817.3992614683))"
153,0,0,0,0,0,0,0,0,0,0,0,0,0,0,0,0,0,0,0,0,0,0,0,0,0,"POLYGON ((185249.56417346234 1060817.3992614683, 194249.56417346234 1060817.3992614683, 194249.56417346234 1051817.3992614683, 185249.56417346234 1051817.3992614683, 185249.56417346234 1060817.3992614683))"
154,0,52,0,0,56,55,56,51,63,74,0,1,139,0,0,3,1,0,0,0,0,88,0,0,639,"POLYGON ((194249.56417346234 1150817.3992614683, 203249.56417346234 1150817.3992614683, 203249.56417346234 1141817.3992614683, 194249.56417346234 1141817.3992614683, 194249.56417346234 1150817.3992614683))"
155,0,57,0,0,56,50,54,47,53,72,0,1,140,0,0,3,1,0,0,0,0,90,0,0,624,"POLYGON ((194249.56417346234 1141817.3992614683, 203249.56417346234 1141817.3992614683, 203249.56417346234 1132817.3992614683, 194249.56417346234 1132817.3992614683, 194249.56417346234 1141817.3992614683))"
156,0,62,0,0,52,51,51,48,47,70,0,2,143,0,0,3,1,0,0,0,0,89,0,0,619,"POLYGON ((194249.56417346234 1132817.3992614683, 203249.56417346234 1132817.3992614683, 203249.56417346234 1123817.3992614683, 194249.56417346234 1123817.3992614683, 194249.56417346234 1132817.3992614683))"
157,0,48,0,0,46,46,44,43,38,58,0,3,143,0,0,3,1,0,0,0,0,82,0,0,555,"POLYGON ((194249.56417346234 1123817.3992614683, 203249.56417346234 1123817.3992614683, 203249.56417346234 1114817.3992614683, 194249.56417346234 1114817.3992614683, 194249.56417346234 1123817.3992614683))"
158,0,19,0,0,25,33,28,28,26,43,0,3,135,0,0,2,1,0,0,0,0,61,0,0,404,"POLYGON ((194249.56417346234 1114817.3992614683, 203249.56417346234 1114817.3992614683, 203249.56417346234 1105817.3992614683, 194249.56417346234 1105817.3992614683, 194249.56417346234 1114817.3992614683))"
159,0,27,0,0,33,40,31,31,37,45,0,3,132,0,0,2,1,0,0,0,0,48,0,0,430,"POLYGON ((194249.56417346234 1105817.3992614683, 203249.56417346234 1105817.3992614683, 203249.56417346234 1096817.3992614683, 194249.56417346234 1096817.3992614683, 194249.56417346234 1105817.3992614683))"
160,0,56,0,0,40,47,44,39,42,54,0,2,122,0,0,2,1,0,0,0,0,43,0,0,492,"POLYGON ((194249.56417346234 1096817.3992614683, 203249.56417346234 1096817.3992614683, 203249.56417346234 1087817.3992614683, 194249.56417346234 1087817.3992614683, 194249.56417346234 1096817.3992614683))"
161,0,47,0,0,35,42,36,36,40,48,0,3,124,0,0,2,1,0,0,0,0,37,0,0,451,"POLYGON ((194249.56417346234 1087817.3992614683, 203249.56417346234 1087817.3992614683, 203249.56417346234 1078817.3992614683, 194249.56417346234 1078817.3992614683, 194249.56417346234 1087817.3992614683))"
162,0,27,0,0,25,33,23,26,30,43,0,3,124,0,0,1,1,0,0,0,0,29,0,0,365,"POLYGON ((194249.56417346234 1078817.3992614683, 203249.56417346234 1078817.3992614683, 203249.56417346234 1069817.3992614683, 194249.56417346234 1069817.3992614683, 194249.56417346234 1078817.3992614683))"
163,0,14,0,0,20,29,25,28,27,42,0,3,124,0,0,1,1,0,0,0,0,22,0,0,336,"POLYGON ((194249.56417346234 1069817.3992614683, 203249.56417346234 1069817.3992614683, 203249.56417346234 1060817.3992614683, 194249.56417346234 1060817.3992614683, 194249.56417346234 1069817.3992614683))"
164,0,0,0,0,0,0,0,0,0,0,0,0,0,0,0,0,0,0,0,0,0,0,0,0,0,"POLYGON ((194249.56417346234 1060817.3992614683, 203249.56417346234 1060817.3992614683, 203249.56417346234 1051817.3992614683, 194249.56417346234 1051817.3992614683, 194249.56417346234 1060817.3992614683))"
165,0,51,0,0,56,55,55,51,63,72,0,1,137,0,0,3,1,0,0,0,0,86,0,0,631,"POLYGON ((203249.56417346234 1150817.3992614683, 212249.56417346234 1150817.3992614683, 212249.56417346234 1141817.3992614683, 203249.56417346234 1141817.3992614683, 203249.56417346234 1150817.3992614683))"
166,0,53,0,0,55,50,54,48,53,73,0,1,138,0,0,3,1,0,0,0,0,87,0,0,616,"POLYGON ((203249.56417346234 1141817.3992614683, 212249.56417346234 1141817.3992614683, 212249.56417346234 1132817.3992614683, 203249.56417346234 1132817.3992614683, 203249.56417346234 1141817.3992614683))"
167,0,60,0,0,53,51,54,48,53,70,0,1,139,0,0,3,1,0,0,0,0,90,0,0,623,"POLYGON ((203249.56417346234 1132817.3992614683, 212249.56417346234 1132817.3992614683, 212249.56417346234 1123817.3992614683, 203249.56417346234 1123817.3992614683, 203249.56417346234 1132817.3992614683))"
168,0,65,0,0,51,51,50,49,45,70,0,2,142,0,0,3,1,0,0,0,0,88,0,0,617,"POLYGON ((203249.56417346234 1123817.3992614683, 212249.56417346234 1123817.3992614683, 212249.56417346234 1114817.3992614683, 203249.56417346234 1114817.3992614683, 203249.56417346234 1123817.3992614683))"
169,0,44,0,0,37,47,41,34,38,52,0,3,138,0,0,2,1,0,0,0,0,71,0,0,508,"POLYGON ((203249.56417346234 1114817.3992614683, 212249.56417346234 1114817.3992614683, 212249.56417346234 1105817.3992614683, 203249.56417346234 1105817.3992614683, 203249.56417346234 1114817.3992614683))"
170,0,57,0,0,39,49,43,40,43,55,0,2,128,0,0,2,1,0,0,0,0,64,0,0,523,"POLYGON ((203249.56417346234 1105817.3992614683, 212249.56417346234 1105817.3992614683, 212249.56417346234 1096817.3992614683, 203249.56417346234 1096817.3992614683, 203249.56417346234 1105817.3992614683))"
171,0,59,0,0,43,46,44,42,47,58,0,2,123,0,0,2,1,0,0,0,0,50,0,0,517,"POLYGON ((203249.56417346234 1096817.3992614683, 212249.56417346234 1096817.3992614683, 212249.56417346234 1087817.3992614683, 203249.56417346234 1087817.3992614683, 203249.56417346234 1096817.3992614683))"
172,0,49,0,0,34,41,32,35,37,47,0,3,120,0,0,2,1,0,0,0,0,37,0,0,438,"POLYGON ((203249.56417346234 1087817.3992614683, 212249.56417346234 1087817.3992614683, 212249.56417346234 1078817.3992614683, 203249.56417346234 1078817.3992614683, 203249.56417346234 1087817.3992614683))"
173,0,24,0,0,25,32,25,26,29,42,0,3,123,0,0,2,1,0,0,0,0,29,0,0,361,"POLYGON ((203249.56417346234 1078817.3992614683, 212249.56417346234 1078817.3992614683, 212249.56417346234 1069817.3992614683, 203249.56417346234 1069817.3992614683, 203249.56417346234 1078817.3992614683))"
174,0,10,0,0,21,28,25,27,26,40,0,3,123,0,0,1,1,0,0,0,0,21,0,0,326,"POLYGON ((203249.56417346234 1069817.3992614683, 212249.56417346234 1069817.3992614683, 212249.56417346234 1060817.3992614683, 203249.56417346234 1060817.3992614683, 203249.56417346234 1069817.3992614683))"
175,0,0,0,0,0,0,0,0,0,0,0,0,0,0,0,0,0,0,0,0,0,0,0,0,0,"POLYGON ((203249.56417346234 1060817.3992614683, 212249.56417346234 1060817.3992614683, 212249.56417346234 1051817.3992614683, 203249.56417346234 1051817.3992614683, 203249.56417346234 1060817.3992614683))"
176,0,47,0,0,57,55,56,49,63,71,0,1,133,0,0,3,1,0,0,0,0,85,0,0,621,"POLYGON ((212249.56417346234 1150817.3992614683, 221249.56417346234 1150817.3992614683, 221249.56417346234 1141817.3992614683, 212249.56417346234 1141817.3992614683, 212249.56417346234 1150817.3992614683))"
177,0,53,0,0,56,50,55,48,54,73,0,1,135,0,0,3,1,0,0,0,0,87,0,0,616,"POLYGON ((212249.56417346234 1141817.3992614683, 221249.56417346234 1141817.3992614683, 221249.56417346234 1132817.3992614683, 212249.56417346234 1132817.3992614683, 212249.56417346234 1141817.3992614683))"
178,0,57,0,0,56,51,54,48,54,73,0,1,137,0,0,3,1,0,0,0,0,89,0,0,624,"POLYGON ((212249.56417346234 1132817.3992614683, 221249.56417346234 1132817.3992614683, 221249.56417346234 1123817.3992614683, 212249.56417346234 1123817.3992614683, 212249.56417346234 1132817.3992614683))"
179,0,63,0,0,47,51,50,43,50,64,0,1,139,0,0,2,1,0,0,0,0,90,0,0,601,"POLYGON ((212249.56417346234 1123817.3992614683, 221249.56417346234 1123817.3992614683, 221249.56417346234 1114817.3992614683, 212249.56417346234 1114817.3992614683, 212249.56417346234 1123817.3992614683))"
180,0,70,0,0,43,51,47,45,49,62,0,2,139,0,0,2,1,0,0,0,0,85,0,0,596,"POLYGON ((212249.56417346234 1114817.3992614683, 221249.56417346234 1114817.3992614683, 221249.56417346234 1105817.3992614683, 212249.56417346234 1105817.3992614683, 212249.56417346234 1114817.3992614683))"
181,0,62,0,0,42,50,43,43,48,59,0,2,135,0,0,2,1,0,0,0,0,78,0,0,565,"POLYGON ((212249.56417346234 1105817.3992614683, 221249.56417346234 1105817.3992614683, 221249.56417346234 1096817.3992614683, 212249.56417346234 1096817.3992614683, 212249.56417346234 1105817.3992614683))"
182,0,61,0,0,39,44,38,42,49,57,0,3,127,0,0,3,1,0,0,0,0,60,0,0,524,"POLYGON ((212249.56417346234 1096817.3992614683, 221249.56417346234 1096817.3992614683, 221249.56417346234 1087817.3992614683, 212249.56417346234 1087817.3992614683, 212249.56417346234 1096817.3992614683))"
183,0,48,0,0,35,42,31,33,38,50,0,3,129,0,0,2,1,0,0,0,0,44,0,0,456,"POLYGON ((212249.56417346234 1087817.3992614683, 221249.56417346234 1087817.3992614683, 221249.56417346234 1078817.3992614683, 212249.56417346234 1078817.3992614683, 212249.56417346234 1087817.3992614683))"
184,0,19,0,0,31,39,30,30,39,49,0,3,126,0,0,3,1,0,0,0,0,34,0,0,404,"POLYGON ((212249.56417346234 1078817.3992614683, 221249.56417346234 1078817.3992614683, 221249.56417346234 1069817.3992614683, 212249.56417346234 1069817.3992614683, 212249.56417346234 1078817.3992614683))"
185,0,9,0,0,24,31,26,26,33,48,0,3,124,0,0,3,1,0,0,0,0,22,0,0,350,"POLYGON ((212249.56417346234 1069817.3992614683, 221249.56417346234 1069817.3992614683, 221249.56417346234 1060817.3992614683, 212249.56417346234 1060817.3992614683, 212249.56417346234 1069817.3992614683))"
186,0,0,0,0,0,0,0,0,0,0,0,0,0,0,0,0,0,0,0,0,0,0,0,0,0,"POLYGON ((212249.56417346234 1060817.3992614683, 221249.56417346234 1060817.3992614683, 221249.56417346234 1051817.3992614683, 212249.56417346234 1051817.3992614683, 212249.56417346234 1060817.3992614683))"
187,0,46,0,0,57,54,54,48,63,71,0,1,127,0,0,3,1,0,0,0,0,82,0,0,607,"POLYGON ((221249.56417346234 1150817.3992614683, 230249.56417346234 1150817.3992614683, 230249.56417346234 1141817.3992614683, 221249.56417346234 1141817.3992614683, 221249.56417346234 1150817.3992614683))"
188,0,48,0,0,56,51,54,46,53,71,0,1,131,0,0,3,1,0,0,0,0,86,0,0,601,"POLYGON ((221249.56417346234 1141817.3992614683, 230249.56417346234 1141817.3992614683, 230249.56417346234 1132817.3992614683, 221249.56417346234 1132817.3992614683, 221249.56417346234 1141817.3992614683))"
189,0,55,0,0,49,51,50,43,53,67,0,1,136,0,0,2,1,0,0,0,0,87,0,0,595,"POLYGON ((221249.56417346234 1132817.3992614683, 230249.56417346234 1132817.3992614683, 230249.56417346234 1123817.3992614683, 221249.56417346234 1123817.3992614683, 221249.56417346234 1132817.3992614683))"
190,0,59,0,0,48,53,53,45,61,68,0,1,138,0,0,3,1,0,0,0,0,89,0,0,619,"POLYGON ((221249.56417346234 1123817.3992614683, 230249.56417346234 1123817.3992614683, 230249.56417346234 1114817.3992614683, 221249.56417346234 1114817.3992614683, 221249.56417346234 1123817.3992614683))"
191,0,70,0,0,45,47,42,45,47,58,0,2,138,0,0,2,1,0,0,0,0,86,0,0,583,"POLYGON ((221249.56417346234 1114817.3992614683, 230249.56417346234 1114817.3992614683, 230249.56417346234 1105817.3992614683, 221249.56417346234 1105817.3992614683, 221249.56417346234 1114817.3992614683))"
192,0,60,0,0,39,46,40,40,50,57,0,3,138,0,0,3,1,0,0,0,0,84,0,0,561,"POLYGON ((221249.56417346234 1105817.3992614683, 230249.56417346234 1105817.3992614683, 230249.56417346234 1096817.3992614683, 221249.56417346234 1096817.3992614683, 221249.56417346234 1105817.3992614683))"
193,0,57,0,0,37,45,37,41,46,57,0,3,134,0,0,3,1,0,0,0,0,66,0,0,527,"POLYGON ((221249.56417346234 1096817.3992614683, 230249.56417346234 1096817.3992614683, 230249.56417346234 1087817.3992614683, 221249.56417346234 1087817.3992614683, 221249.56417346234 1096817.3992614683))"
194,0,40,0,0,34,44,33,38,43,57,0,2,126,0,0,3,1,0,0,0,0,52,0,0,473,"POLYGON ((221249.56417346234 1087817.3992614683, 230249.56417346234 1087817.3992614683, 230249.56417346234 1078817.3992614683, 221249.56417346234 1078817.3992614683, 221249.56417346234 1087817.3992614683))"
195,0,20,0,0,32,37,31,32,39,51,0,3,128,0,0,3,1,0,0,0,0,39,0,0,416,"POLYGON ((221249.56417346234 1078817.3992614683, 230249.56417346234 1078817.3992614683, 230249.56417346234 1069817.3992614683, 221249.56417346234 1069817.3992614683, 221249.56417346234 1078817.3992614683))"
196,0,13,0,0,30,37,31,26,39,50,0,3,124,0,0,3,1,0,0,0,0,31,0,0,388,"POLYGON ((221249.56417346234 1069817.3992614683, 230249.56417346234 1069817.3992614683, 230249.56417346234 1060817.3992614683, 221249.56417346234 1060817.3992614683, 221249.56417346234 1069817.3992614683))"
197,0,0,0,0,0,0,0,0,0,0,0,0,0,0,0,0,0,0,0,0,0,0,0,0,0,"POLYGON ((221249.56417346234 1060817.3992614683, 230249.56417346234 1060817.3992614683, 230249.56417346234 1051817.3992614683, 221249.56417346234 1051817.3992614683, 221249.56417346234 1060817.3992614683))"
198,0,0,0,0,0,0,0,0,0,0,0,0,0,0,0,0,0,0,0,0,0,0,0,0,0,"POLYGON ((230249.56417346234 1150817.3992614683, 239249.56417346234 1150817.3992614683, 239249.56417346234 1141817.3992614683, 230249.56417346234 1141817.3992614683, 230249.56417346234 1150817.3992614683))"
199,0,0,0,0,0,0,0,0,0,0,0,0,0,0,0,0,0,0,0,0,0,0,0,0,0,"POLYGON ((230249.56417346234 1141817.3992614683, 239249.56417346234 1141817.3992614683, 239249.56417346234 1132817.3992614683, 230249.56417346234 1132817.3992614683, 230249.56417346234 1141817.3992614683))"
200,0,0,0,0,0,0,0,0,0,0,0,0,0,0,0,0,0,0,0,0,0,0,0,0,0,"POLYGON ((230249.56417346234 1132817.3992614683, 239249.56417346234 1132817.3992614683, 239249.56417346234 1123817.3992614683, 230249.56417346234 1123817.3992614683, 230249.56417346234 1132817.3992614683))"
201,0,0,0,0,0,0,0,0,0,0,0,0,0,0,0,0,0,0,0,0,0,0,0,0,0,"POLYGON ((230249.56417346234 1123817.3992614683, 239249.56417346234 1123817.3992614683, 239249.56417346234 1114817.3992614683, 230249.56417346234 1114817.3992614683, 230249.56417346234 1123817.3992614683))"
202,0,0,0,0,0,0,0,0,0,0,0,0,0,0,0,0,0,0,0,0,0,0,0,0,0,"POLYGON ((230249.56417346234 1114817.3992614683, 239249.56417346234 1114817.3992614683, 239249.56417346234 1105817.3992614683, 230249.56417346234 1105817.3992614683, 230249.56417346234 1114817.3992614683))"
203,0,0,0,0,0,0,0,0,0,0,0,0,0,0,0,0,0,0,0,0,0,0,0,0,0,"POLYGON ((230249.56417346234 1105817.3992614683, 239249.56417346234 1105817.3992614683, 239249.56417346234 1096817.3992614683, 230249.56417346234 1096817.3992614683, 230249.56417346234 1105817.3992614683))"
204,0,0,0,0,0,0,0,0,0,0,0,0,0,0,0,0,0,0,0,0,0,0,0,0,0,"POLYGON ((230249.56417346234 1096817.3992614683, 239249.56417346234 1096817.3992614683, 239249.56417346234 1087817.3992614683, 230249.56417346234 1087817.3992614683, 230249.56417346234 1096817.3992614683))"
205,0,0,0,0,0,0,0,0,0,0,0,0,0,0,0,0,0,0,0,0,0,0,0,0,0,"POLYGON ((230249.56417346234 1087817.3992614683, 239249.56417346234 1087817.3992614683, 239249.56417346234 1078817.3992614683, 230249.56417346234 1078817.3992614683, 230249.56417346234 1087817.3992614683))"
206,0,0,0,0,0,0,0,0,0,0,0,0,0,0,0,0,0,0,0,0,0,0,0,0,0,"POLYGON ((230249.56417346234 1078817.3992614683, 239249.56417346234 1078817.3992614683, 239249.56417346234 1069817.3992614683, 230249.56417346234 1069817.3992614683, 230249.56417346234 1078817.3992614683))"
207,0,0,0,0,0,0,0,0,0,0,0,0,0,0,0,0,0,0,0,0,0,0,0,0,0,"POLYGON ((230249.56417346234 1069817.3992614683, 239249.56417346234 1069817.3992614683, 239249.56417346234 1060817.3992614683, 230249.56417346234 1060817.3992614683, 230249.56417346234 1069817.3992614683))"
208,0,0,0,0,0,0,0,0,0,0,0,0,0,0,0,0,0,0,0,0,0,0,0,0,0,"POLYGON ((230249.56417346234 1060817.3992614683, 239249.56417346234 1060817.3992614683, 239249.56417346234 1051817.3992614683, 230249.56417346234 1051817.3992614683, 230249.56417346234 1060817.3992614683))"
